{
  "elo": {
    "Athletic Club": 1422.14,
    "Getafe CF": 1516.73,
    "Real Betis Balompi\u00e9": 1624.68,
    "Girona FC": 1435.42,
    "RC Celta de Vigo": 1527.8,
    "Deportivo Alav\u00e9s": 1456.98,
    "UD Las Palmas": 1347.69,
    "Sevilla FC": 1424.8,
    "CA Osasuna": 1403.91,
    "CD Legan\u00e9s": 1419.43,
    "Valencia CF": 1606.12,
    "FC Barcelona": 1826.93,
    "Real Sociedad de F\u00fatbol": 1468.68,
    "Rayo Vallecano de Madrid": 1609.08,
    "RCD Mallorca": 1474.53,
    "Real Madrid CF": 1769.9,
    "Real Valladolid CF": 1187.67,
    "RCD Espanyol de Barcelona": 1429.29,
    "Villarreal CF": 1622.93,
    "Club Atl\u00e9tico de Madrid": 1581.86,
    "Real Oviedo": 1338.81,
    "Levante UD": 1529.17,
    "Elche CF": 1475.45
  },
  "dc": {
    "attack": {
      "Athletic Club": 0.054682466860512056,
      "CA Osasuna": 0.028867492169622855,
      "CD Legan\u00e9s": -0.12857007671985368,
      "Club Atl\u00e9tico de Madrid": 0.3524994068455431,
      "Deportivo Alav\u00e9s": -0.05421336804056171,
      "Elche CF": 0.11417017744788482,
      "FC Barcelona": 0.7567071361985149,
      "Getafe CF": -0.30926052663811043,
      "Girona FC": -0.08381612089973281,
      "Levante UD": 0.07813434590291886,
      "RC Celta de Vigo": 0.22208536020485836,
      "RCD Espanyol de Barcelona": -0.06470429931256358,
      "RCD Mallorca": -0.04409598183408387,
      "Rayo Vallecano de Madrid": -0.08160689262552094,
      "Real Betis Balompi\u00e9": 0.2709491067267024,
      "Real Madrid CF": 0.5277481152227641,
      "Real Oviedo": -0.4913412775384801,
      "Real Sociedad de F\u00fatbol": 0.12736998151453072,
      "Real Valladolid CF": -0.4935624537159145,
      "Sevilla FC": -0.004623511169326554,
      "UD Las Palmas": -0.13526629661751993,
      "Valencia CF": 0.03871953252962647,
      "Villarreal CF": 0.4690766052350441
    },
    "defense": {
      "Athletic Club": -0.07438880107768557,
      "CA Osasuna": 0.005001329146532775,
      "CD Legan\u00e9s": 0.10265456616173156,
      "Club Atl\u00e9tico de Madrid": -0.22680186240756103,
      "Deportivo Alav\u00e9s": 0.04086741596602162,
      "Elche CF": 0.12130177583517558,
      "FC Barcelona": -0.2621073586270174,
      "Getafe CF": -0.28650311294312425,
      "Girona FC": 0.09838155495374792,
      "Levante UD": 0.1649073793177465,
      "RC Celta de Vigo": 0.022350771090517838,
      "RCD Espanyol de Barcelona": 0.04472941680231186,
      "RCD Mallorca": 0.020650069362412232,
      "Rayo Vallecano de Madrid": -0.13650623562872108,
      "Real Betis Balompi\u00e9": -0.01816520746346676,
      "Real Madrid CF": -0.2974606924672708,
      "Real Oviedo": 0.13843582871674856,
      "Real Sociedad de F\u00fatbol": 0.10798028366064093,
      "Real Valladolid CF": 0.5735698847489303,
      "Sevilla FC": 0.13011154935286906,
      "UD Las Palmas": 0.1843383470412755,
      "Valencia CF": 0.062436865826499356,
      "Villarreal CF": -0.025541546811053438
    },
    "home_adv": 0.29302030473815943,
    "rho": 0.020696124225402766,
    "teams": [
      "Athletic Club",
      "CA Osasuna",
      "CD Legan\u00e9s",
      "Club Atl\u00e9tico de Madrid",
      "Deportivo Alav\u00e9s",
      "Elche CF",
      "FC Barcelona",
      "Getafe CF",
      "Girona FC",
      "Levante UD",
      "RC Celta de Vigo",
      "RCD Espanyol de Barcelona",
      "RCD Mallorca",
      "Rayo Vallecano de Madrid",
      "Real Betis Balompi\u00e9",
      "Real Madrid CF",
      "Real Oviedo",
      "Real Sociedad de F\u00fatbol",
      "Real Valladolid CF",
      "Sevilla FC",
      "UD Las Palmas",
      "Valencia CF",
      "Villarreal CF"
    ],
    "converged": true,
    "fun": 1324.6641851789714
  }
}