{
  "elo": {
    "Borussia M\u00f6nchengladbach": 1507.06,
    "Bayer 04 Leverkusen": 1642.66,
    "RB Leipzig": 1604.36,
    "VfL Bochum 1848": 1337.48,
    "TSG 1899 Hoffenheim": 1563.92,
    "Holstein Kiel": 1354.84,
    "SC Freiburg": 1539.33,
    "VfB Stuttgart": 1693.13,
    "FC Augsburg": 1494.98,
    "SV Werder Bremen": 1356.38,
    "1. FSV Mainz 05": 1532.34,
    "1. FC Union Berlin": 1442.47,
    "Borussia Dortmund": 1743.0,
    "Eintracht Frankfurt": 1459.93,
    "VfL Wolfsburg": 1386.92,
    "FC Bayern M\u00fcnchen": 1942.76,
    "FC St. Pauli 1910": 1233.11,
    "1. FC Heidenheim 1846": 1357.73,
    "1. FC K\u00f6ln": 1344.64,
    "Hamburger SV": 1462.94
  },
  "dc": {
    "attack": {
      "1. FC Heidenheim 1846": -0.062249835509899466,
      "1. FC K\u00f6ln": 0.13930609297203547,
      "1. FC Union Berlin": -0.03376692681555784,
      "1. FSV Mainz 05": 0.11294432079756965,
      "Bayer 04 Leverkusen": 0.4633208630240884,
      "Borussia Dortmund": 0.48089126116278086,
      "Borussia M\u00f6nchengladbach": 0.09756140342852947,
      "Eintracht Frankfurt": 0.3775166835718669,
      "FC Augsburg": -0.04189529330592726,
      "FC Bayern M\u00fcnchen": 0.9390511311435147,
      "FC St. Pauli 1910": -0.4125297832333298,
      "Hamburger SV": -0.043411262491968784,
      "Holstein Kiel": 0.14104982367935,
      "RB Leipzig": 0.3426130705226629,
      "SC Freiburg": 0.15972644728481156,
      "SV Werder Bremen": 0.004979205132436196,
      "TSG 1899 Hoffenheim": 0.29071678993024946,
      "VfB Stuttgart": 0.46539523912911057,
      "VfL Bochum 1848": -0.29945547623071833,
      "VfL Wolfsburg": 0.1227081497797829
    },
    "defense": {
      "1. FC Heidenheim 1846": 0.37582033874239035,
      "1. FC K\u00f6ln": 0.3011043729750014,
      "1. FC Union Berlin": 0.1618165674985851,
      "1. FSV Mainz 05": 0.045529317033460116,
      "Bayer 04 Leverkusen": -0.007626470382672215,
      "Borussia Dortmund": -0.12346522423262216,
      "Borussia M\u00f6nchengladbach": 0.15084269840354922,
      "Eintracht Frankfurt": 0.21444282989389551,
      "FC Augsburg": 0.1803347917491197,
      "FC Bayern M\u00fcnchen": -0.21247141469868042,
      "FC St. Pauli 1910": 0.09986725108865901,
      "Hamburger SV": 0.138822611649488,
      "Holstein Kiel": 0.5249559253043667,
      "RB Leipzig": 0.044784903073719504,
      "SC Freiburg": 0.17395871152389275,
      "SV Werder Bremen": 0.21162284583366675,
      "TSG 1899 Hoffenheim": 0.2362628933249165,
      "VfB Stuttgart": 0.0966131316208094,
      "VfL Bochum 1848": 0.35515974061944683,
      "VfL Wolfsburg": 0.2946628317476343
    },
    "home_adv": 0.15911671674463793,
    "rho": -0.0613697267968084,
    "teams": [
      "1. FC Heidenheim 1846",
      "1. FC K\u00f6ln",
      "1. FC Union Berlin",
      "1. FSV Mainz 05",
      "Bayer 04 Leverkusen",
      "Borussia Dortmund",
      "Borussia M\u00f6nchengladbach",
      "Eintracht Frankfurt",
      "FC Augsburg",
      "FC Bayern M\u00fcnchen",
      "FC St. Pauli 1910",
      "Hamburger SV",
      "Holstein Kiel",
      "RB Leipzig",
      "SC Freiburg",
      "SV Werder Bremen",
      "TSG 1899 Hoffenheim",
      "VfB Stuttgart",
      "VfL Bochum 1848",
      "VfL Wolfsburg"
    ],
    "converged": true,
    "fun": 1181.1032484258753
  }
}