{
  "elo": {
    "Blackburn Rovers FC": 1474.14,
    "Derby County FC": 1535.09,
    "Preston North End FC": 1384.1,
    "Sheffield United FC": 1487.04,
    "Cardiff City FC": 1375.77,
    "Sunderland AFC": 1543.54,
    "Hull City AFC": 1578.55,
    "Bristol City FC": 1423.02,
    "Leeds United FC": 1772.59,
    "Portsmouth FC": 1524.89,
    "Middlesbrough FC": 1549.39,
    "Swansea City AFC": 1544.85,
    "Millwall FC": 1589.72,
    "Watford FC": 1323.35,
    "Oxford United FC": 1404.27,
    "Norwich City FC": 1592.49,
    "Queens Park Rangers FC": 1389.91,
    "West Bromwich Albion FC": 1468.83,
    "Stoke City FC": 1293.69,
    "Coventry City FC": 1732.58,
    "Sheffield Wednesday FC": 1176.94,
    "Plymouth Argyle FC": 1424.82,
    "Luton Town FC": 1451.26,
    "Burnley FC": 1784.2,
    "Birmingham City FC": 1500.16,
    "Ipswich Town FC": 1681.1,
    "Charlton Athletic FC": 1367.13,
    "Southampton FC": 1737.21,
    "Wrexham AFC": 1517.87,
    "Leicester City FC": 1371.5
  },
  "dc": {
    "attack": {
      "Birmingham City FC": -0.001311275252346044,
      "Blackburn Rovers FC": -0.20202772901172944,
      "Bristol City FC": 0.02777690389941143,
      "Burnley FC": 0.20974687467766753,
      "Cardiff City FC": -0.12376900363262378,
      "Charlton Athletic FC": -0.24964391966600713,
      "Coventry City FC": 0.3952903085657548,
      "Derby County FC": 0.05825893723235142,
      "Hull City AFC": 0.05225811123974815,
      "Ipswich Town FC": 0.3427159009154364,
      "Leeds United FC": 0.5240691881291872,
      "Leicester City FC": 0.02445466942329448,
      "Luton Town FC": -0.19146431106297615,
      "Middlesbrough FC": 0.165398962635212,
      "Millwall FC": 0.0005183618307945802,
      "Norwich City FC": 0.1688772368865461,
      "Oxford United FC": -0.18318634174180118,
      "Plymouth Argyle FC": -0.04381338885426358,
      "Portsmouth FC": -0.04829416352299852,
      "Preston North End FC": -0.06482997378209913,
      "Queens Park Rangers FC": 0.04900947202106016,
      "Sheffield United FC": 0.16772390930661707,
      "Sheffield Wednesday FC": -0.29915784767653647,
      "Southampton FC": 0.37503671178308406,
      "Stoke City FC": -0.14673249685910267,
      "Sunderland AFC": 0.03990575327551743,
      "Swansea City AFC": -0.012496913310977105,
      "Watford FC": -0.07383915718320783,
      "West Bromwich Albion FC": -0.08352320152406198,
      "Wrexham AFC": 0.21266326707830008
    },
    "defense": {
      "Birmingham City FC": 0.026434536662427142,
      "Blackburn Rovers FC": -0.03314137746935201,
      "Bristol City FC": 0.09389591821624345,
      "Burnley FC": -1.1007916741218438,
      "Cardiff City FC": 0.2991283528926921,
      "Charlton Athletic FC": 0.0628521093264802,
      "Coventry City FC": -0.05192243172628225,
      "Derby County FC": 0.05684248544807403,
      "Hull City AFC": 0.07349426408021385,
      "Ipswich Town FC": -0.12037243514379968,
      "Leeds United FC": -0.53197998264414,
      "Leicester City FC": 0.23156355213402474,
      "Luton Town FC": 0.2230185825092497,
      "Middlesbrough FC": -0.07433051925850499,
      "Millwall FC": -0.11148679963578978,
      "Norwich City FC": 0.116748489522764,
      "Oxford United FC": 0.11435747495406676,
      "Plymouth Argyle FC": 0.47931899215718504,
      "Portsmouth FC": 0.20407601952213214,
      "Preston North End FC": 0.1323504116714876,
      "Queens Park Rangers FC": 0.25452916115133045,
      "Sheffield United FC": 0.003938319422601253,
      "Sheffield Wednesday FC": 0.39206527829080257,
      "Southampton FC": 0.009255759100692661,
      "Stoke City FC": 0.09493202020466131,
      "Sunderland AFC": -0.19544466710152616,
      "Swansea City AFC": 0.06723736238098679,
      "Watford FC": 0.17051916781539886,
      "West Bromwich Albion FC": -0.0018752268313643446,
      "Wrexham AFC": 0.19675019495694282
    },
    "home_adv": 0.2209982070285145,
    "rho": -0.05382842330955413,
    "teams": [
      "Birmingham City FC",
      "Blackburn Rovers FC",
      "Bristol City FC",
      "Burnley FC",
      "Cardiff City FC",
      "Charlton Athletic FC",
      "Coventry City FC",
      "Derby County FC",
      "Hull City AFC",
      "Ipswich Town FC",
      "Leeds United FC",
      "Leicester City FC",
      "Luton Town FC",
      "Middlesbrough FC",
      "Millwall FC",
      "Norwich City FC",
      "Oxford United FC",
      "Plymouth Argyle FC",
      "Portsmouth FC",
      "Preston North End FC",
      "Queens Park Rangers FC",
      "Sheffield United FC",
      "Sheffield Wednesday FC",
      "Southampton FC",
      "Stoke City FC",
      "Sunderland AFC",
      "Swansea City AFC",
      "Watford FC",
      "West Bromwich Albion FC",
      "Wrexham AFC"
    ],
    "converged": true,
    "fun": 1930.7913948854625
  }
}