{
  "elo": {
    "BSC Young Boys": 1345.49,
    "Aston Villa FC": 1598.6,
    "Juventus FC": 1532.53,
    "PSV": 1500.88,
    "Sporting Clube de Portugal": 1587.62,
    "Lille OSC": 1545.17,
    "FC Bayern M\u00fcnchen": 1789.59,
    "GNK Dinamo Zagreb": 1487.91,
    "Real Madrid CF": 1632.89,
    "VfB Stuttgart": 1453.49,
    "AC Milan": 1512.08,
    "Liverpool FC": 1611.11,
    "Bologna FC 1909": 1464.49,
    "FK Shakhtar Donetsk": 1436.67,
    "AC Sparta Praha": 1392.26,
    "FC Red Bull Salzburg": 1356.29,
    "Manchester City FC": 1503.92,
    "FC Internazionale Milano": 1575.49,
    "Paris Saint-Germain FC": 1837.78,
    "Girona FC": 1419.27,
    "Club Brugge KV": 1490.53,
    "Borussia Dortmund": 1520.09,
    "Celtic FC": 1487.88,
    "\u0160K Slovan Bratislava": 1341.62,
    "Feyenoord Rotterdam": 1475.19,
    "Bayer 04 Leverkusen": 1566.03,
    "FK Crvena Zvezda": 1437.94,
    "Sport Lisboa e Benfica": 1473.35,
    "AS Monaco FC": 1474.46,
    "FC Barcelona": 1666.45,
    "Stade Brestois 29": 1430.57,
    "SK Sturm Graz": 1438.92,
    "Atalanta BC": 1505.41,
    "Arsenal FC": 1838.01,
    "Club Atl\u00e9tico de Madrid": 1648.38,
    "RB Leipzig": 1427.66,
    "Athletic Club": 1489.25,
    "Royale Union Saint-Gilloise": 1449.26,
    "Qaraba\u011f A\u011fdam FK": 1380.35,
    "Tottenham Hotspur FC": 1607.28,
    "Villarreal CF": 1332.9,
    "Olympique de Marseille": 1441.95,
    "SK Slavia Praha": 1368.51,
    "FK Bod\u00f8/Glimt": 1579.43,
    "PAE Olympiakos SFP": 1487.14,
    "Paphos FC": 1466.38,
    "AFC Ajax": 1389.55,
    "Chelsea FC": 1528.19,
    "FC K\u00f8benhavn": 1440.25,
    "Newcastle United FC": 1613.89,
    "SSC Napoli": 1433.33,
    "Eintracht Frankfurt": 1358.38,
    "Galatasaray SK": 1515.47,
    "FK Kairat": 1312.46
  },
  "dc": {
    "attack": {
      "AC Milan": -0.014479308085288732,
      "AC Sparta Praha": -0.4099281379540066,
      "AFC Ajax": -0.23708645999140754,
      "AS Monaco FC": 0.19947931334747182,
      "Arsenal FC": 0.595949121781871,
      "Aston Villa FC": 0.49261119143509835,
      "Atalanta BC": 0.260566655690396,
      "Athletic Club": -0.043739073962740814,
      "BSC Young Boys": -0.8941182842173407,
      "Bayer 04 Leverkusen": 0.13605163450747473,
      "Bologna FC 1909": -0.5298001295292714,
      "Borussia Dortmund": 0.5518792560568142,
      "Celtic FC": 0.015531667642395925,
      "Chelsea FC": 0.34083013874936124,
      "Club Atl\u00e9tico de Madrid": 0.6205783310388557,
      "Club Brugge KV": 0.3618669252682586,
      "Eintracht Frankfurt": -0.037162199028272,
      "FC Barcelona": 0.8038611329684254,
      "FC Bayern M\u00fcnchen": 0.8873545129085549,
      "FC Internazionale Milano": 0.2707004715936321,
      "FC K\u00f8benhavn": -0.008560008290091691,
      "FC Red Bull Salzburg": -0.5932131101565835,
      "FK Bod\u00f8/Glimt": 0.5324796498164409,
      "FK Crvena Zvezda": 0.18585964331110835,
      "FK Kairat": -0.2139685965625834,
      "FK Shakhtar Donetsk": -0.1639915143660595,
      "Feyenoord Rotterdam": 0.34125336638192294,
      "GNK Dinamo Zagreb": 0.10727079883377039,
      "Galatasaray SK": 0.21986655796461607,
      "Girona FC": -0.5420888336778827,
      "Juventus FC": 0.2507957057671187,
      "Lille OSC": 0.4676763361138943,
      "Liverpool FC": 0.46139841779208535,
      "Manchester City FC": 0.30518784979116464,
      "Newcastle United FC": 0.5359957424127004,
      "Olympique de Marseille": 0.08571421155149386,
      "PAE Olympiakos SFP": -0.2114589042417166,
      "PSV": 0.6179480248553006,
      "Paphos FC": -0.27143256916971265,
      "Paris Saint-Germain FC": 0.9289299623980704,
      "Qaraba\u011f A\u011fdam FK": 0.1174658524660572,
      "RB Leipzig": 0.054029013393029506,
      "Real Madrid CF": 0.6931952673871798,
      "Royale Union Saint-Gilloise": -0.10564368039150197,
      "SK Slavia Praha": -0.4351998131715029,
      "SK Sturm Graz": -0.5094145166729189,
      "SSC Napoli": -0.27417657670391177,
      "Sport Lisboa e Benfica": 0.055078916075266285,
      "Sporting Clube de Portugal": 0.36565896761665845,
      "Stade Brestois 29": -0.2918442265274748,
      "Tottenham Hotspur FC": 0.4346527693549191,
      "VfB Stuttgart": 0.024715878398336305,
      "Villarreal CF": -0.7212793440870247,
      "\u0160K Slovan Bratislava": -0.2820049954652911
    },
    "defense": {
      "AC Milan": -0.12854320385260243,
      "AC Sparta Praha": 0.5976929481657631,
      "AFC Ajax": 0.715987909851686,
      "AS Monaco FC": 0.032511463779557916,
      "Arsenal FC": -1.0839565268997229,
      "Aston Villa FC": -0.44508811987924346,
      "Atalanta BC": -0.005198719348098748,
      "Athletic Club": -0.019598702418397312,
      "BSC Young Boys": 0.6291123593411538,
      "Bayer 04 Leverkusen": -0.1717999748365147,
      "Bologna FC 1909": -0.3384650709142136,
      "Borussia Dortmund": 0.08991674148213337,
      "Celtic FC": -0.03810845396608882,
      "Chelsea FC": 0.008224239208899909,
      "Club Atl\u00e9tico de Madrid": -0.10633205983021349,
      "Club Brugge KV": 0.1711885635443939,
      "Eintracht Frankfurt": 0.4031745166693395,
      "FC Barcelona": 0.03318588436604975,
      "FC Bayern M\u00fcnchen": -0.27053225540444326,
      "FC Internazionale Milano": -0.3571246361171854,
      "FC K\u00f8benhavn": 0.5584983674764918,
      "FC Red Bull Salzburg": 0.6702334314499534,
      "FK Bod\u00f8/Glimt": 0.11596332373560399,
      "FK Crvena Zvezda": 0.6056245571514339,
      "FK Kairat": 0.5415887310129444,
      "FK Shakhtar Donetsk": 0.1981870726114411,
      "Feyenoord Rotterdam": 0.42066701281081464,
      "GNK Dinamo Zagreb": 0.3726437300096036,
      "Galatasaray SK": 0.07732985658344516,
      "Girona FC": -0.035517173641524874,
      "Juventus FC": -0.09013802606467491,
      "Lille OSC": -0.2167551493975036,
      "Liverpool FC": -0.6408476286919812,
      "Manchester City FC": -0.03756889172475226,
      "Newcastle United FC": -0.1478058930652401,
      "Olympique de Marseille": 0.08255381397528627,
      "PAE Olympiakos SFP": -0.016097080299598637,
      "PSV": 0.2079562549889643,
      "Paphos FC": 0.027398291162992736,
      "Paris Saint-Germain FC": -0.4289270401886974,
      "Qaraba\u011f A\u011fdam FK": 0.7559362205995241,
      "RB Leipzig": 0.17390413506071717,
      "Real Madrid CF": -0.0724078549322186,
      "Royale Union Saint-Gilloise": 0.08718119943794744,
      "SK Slavia Praha": 0.3550922311858835,
      "SK Sturm Graz": 0.17505649319457273,
      "SSC Napoli": 0.2101201750903289,
      "Sport Lisboa e Benfica": -0.13299963517646007,
      "Sporting Clube de Portugal": -0.26491619265221644,
      "Stade Brestois 29": 0.2047013434008086,
      "Tottenham Hotspur FC": -0.15432323417875543,
      "VfB Stuttgart": 0.3422807232285826,
      "Villarreal CF": 0.45646774693008957,
      "\u0160K Slovan Bratislava": 0.7206106884647067
    },
    "home_adv": 0.2942262826681614,
    "rho": 0.035916824670250175,