{
  "elo": {
    "BSC Young Boys": 1345.49,
    "Aston Villa FC": 1598.6,
    "Juventus FC": 1532.53,
    "PSV": 1500.88,
    "Sporting Clube de Portugal": 1587.62,
    "Lille OSC": 1545.17,
    "FC Bayern M\u00fcnchen": 1789.59,
    "GNK Dinamo Zagreb": 1487.91,
    "Real Madrid CF": 1632.89,
    "VfB Stuttgart": 1453.49,
    "AC Milan": 1512.08,
    "Liverpool FC": 1611.11,
    "Bologna FC 1909": 1464.49,
    "FK Shakhtar Donetsk": 1436.67,
    "AC Sparta Praha": 1392.26,
    "FC Red Bull Salzburg": 1356.29,
    "Manchester City FC": 1503.92,
    "FC Internazionale Milano": 1575.49,
    "Paris Saint-Germain FC": 1837.78,
    "Girona FC": 1419.27,
    "Club Brugge KV": 1490.53,
    "Borussia Dortmund": 1520.09,
    "Celtic FC": 1487.88,
    "\u0160K Slovan Bratislava": 1341.62,
    "Feyenoord Rotterdam": 1475.19,
    "Bayer 04 Leverkusen": 1566.03,
    "FK Crvena Zvezda": 1437.94,
    "Sport Lisboa e Benfica": 1473.35,
    "AS Monaco FC": 1474.46,
    "FC Barcelona": 1666.45,
    "Stade Brestois 29": 1430.57,
    "SK Sturm Graz": 1438.92,
    "Atalanta BC": 1505.41,
    "Arsenal FC": 1838.01,
    "Club Atl\u00e9tico de Madrid": 1648.38,
    "RB Leipzig": 1427.66,
    "Athletic Club": 1489.25,
    "Royale Union Saint-Gilloise": 1449.26,
    "Qaraba\u011f A\u011fdam FK": 1380.35,
    "Tottenham Hotspur FC": 1607.28,
    "Villarreal CF": 1332.9,
    "Olympique de Marseille": 1441.95,
    "SK Slavia Praha": 1368.51,
    "FK Bod\u00f8/Glimt": 1579.43,
    "PAE Olympiakos SFP": 1487.14,
    "Paphos FC": 1466.38,
    "AFC Ajax": 1389.55,
    "Chelsea FC": 1528.19,
    "FC K\u00f8benhavn": 1440.25,
    "Newcastle United FC": 1613.89,
    "SSC Napoli": 1433.33,
    "Eintracht Frankfurt": 1358.38,
    "Galatasaray SK": 1515.47,
    "FK Kairat": 1312.46
  },
  "dc": {
    "attack": {
      "AC Milan": -0.01447941030938608,
      "AC Sparta Praha": -0.4099281271689488,
      "AFC Ajax": -0.23708646129495983,
      "AS Monaco FC": 0.1994793267275661,
      "Arsenal FC": 0.5959491428837213,
      "Aston Villa FC": 0.4926111793832773,
      "Atalanta BC": 0.2605666814888412,
      "Athletic Club": -0.043739055219663064,
      "BSC Young Boys": -0.8941182746659646,
      "Bayer 04 Leverkusen": 0.13605166048329764,
      "Bologna FC 1909": -0.5298001193619795,
      "Borussia Dortmund": 0.5518792813924819,
      "Celtic FC": 0.015531653162067869,
      "Chelsea FC": 0.3408301798782796,
      "Club Atl\u00e9tico de Madrid": 0.620578347586734,
      "Club Brugge KV": 0.36186693554769905,
      "Eintracht Frankfurt": -0.0371624618778432,
      "FC Barcelona": 0.803861001103453,
      "FC Bayern M\u00fcnchen": 0.8873545425104455,
      "FC Internazionale Milano": 0.2707004921698395,
      "FC K\u00f8benhavn": -0.008560011520234882,
      "FC Red Bull Salzburg": -0.5932130838143909,
      "FK Bod\u00f8/Glimt": 0.5324796520041342,
      "FK Crvena Zvezda": 0.18585938495303017,
      "FK Kairat": -0.21396854153247474,
      "FK Shakhtar Donetsk": -0.16399149794420187,
      "Feyenoord Rotterdam": 0.34125337705688,
      "GNK Dinamo Zagreb": 0.10727080585598273,
      "Galatasaray SK": 0.2198666104130155,
      "Girona FC": -0.5420888183809673,
      "Juventus FC": 0.25079558940459507,
      "Lille OSC": 0.46767636780152294,
      "Liverpool FC": 0.46139842054462665,
      "Manchester City FC": 0.3051877775200404,
      "Newcastle United FC": 0.5359957606197299,
      "Olympique de Marseille": 0.08571429160074033,
      "PAE Olympiakos SFP": -0.21145875505929898,
      "PSV": 0.6179480301126814,
      "Paphos FC": -0.27143255610623246,
      "Paris Saint-Germain FC": 0.9289299763997888,
      "Qaraba\u011f A\u011fdam FK": 0.11746570437108346,
      "RB Leipzig": 0.054029020271073105,
      "Real Madrid CF": 0.693195279008965,
      "Royale Union Saint-Gilloise": -0.10564367989259908,
      "SK Slavia Praha": -0.4351995862278625,
      "SK Sturm Graz": -0.5094145496152345,
      "SSC Napoli": -0.27417652535923825,
      "Sport Lisboa e Benfica": 0.055079027147513775,
      "Sporting Clube de Portugal": 0.3656589637336077,
      "Stade Brestois 29": -0.29184444555496925,
      "Tottenham Hotspur FC": 0.43465272461658355,
      "VfB Stuttgart": 0.024715790736864942,
      "Villarreal CF": -0.7212792606647397,
      "\u0160K Slovan Bratislava": -0.2820049883326634
    },
    "defense": {
      "AC Milan": -0.1285431840921475,
      "AC Sparta Praha": 0.5976929806100503,
      "AFC Ajax": 0.7159878852698417,
      "AS Monaco FC": 0.03251148059579553,
      "Arsenal FC": -1.0839565395758322,
      "Aston Villa FC": -0.44508811425496314,
      "Atalanta BC": -0.00519871125313394,
      "Athletic Club": -0.019598705438080708,
      "BSC Young Boys": 0.6291124308600904,
      "Bayer 04 Leverkusen": -0.17179998869453228,
      "Bologna FC 1909": -0.3384650790692385,
      "Borussia Dortmund": 0.08991677844406143,
      "Celtic FC": -0.03810845828870988,
      "Chelsea FC": 0.008224255487285722,
      "Club Atl\u00e9tico de Madrid": -0.106332033933224,
      "Club Brugge KV": 0.1711885778863792,
      "Eintracht Frankfurt": 0.40317456481869224,
      "FC Barcelona": 0.033185878936586304,
      "FC Bayern M\u00fcnchen": -0.2705322528517948,
      "FC Internazionale Milano": -0.3571246203623446,
      "FC K\u00f8benhavn": 0.5584984213121073,
      "FC Red Bull Salzburg": 0.6702334410371545,
      "FK Bod\u00f8/Glimt": 0.11596332826091633,
      "FK Crvena Zvezda": 0.605624593077751,
      "FK Kairat": 0.5415887223510298,
      "FK Shakhtar Donetsk": 0.19818707859531373,
      "Feyenoord Rotterdam": 0.4206670204008471,
      "GNK Dinamo Zagreb": 0.37264373632428094,
      "Galatasaray SK": 0.07732970436282398,
      "Girona FC": -0.03551716055236044,
      "Juventus FC": -0.09013803195699037,
      "Lille OSC": -0.2167551414936662,
      "Liverpool FC": -0.6408476233643302,
      "Manchester City FC": -0.03756889189668262,
      "Newcastle United FC": -0.1478058344773129,
      "Olympique de Marseille": 0.08255381610494991,
      "PAE Olympiakos SFP": -0.016097063815696942,
      "PSV": 0.20795627603395908,
      "Paphos FC": 0.02739826777719138,
      "Paris Saint-Germain FC": -0.42892703061842274,
      "Qaraba\u011f A\u011fdam FK": 0.7559362251658246,
      "RB Leipzig": 0.1739041539202939,
      "Real Madrid CF": -0.07240785178454053,
      "Royale Union Saint-Gilloise": 0.08718118448173838,
      "SK Slavia Praha": 0.3550922574973505,
      "SK Sturm Graz": 0.17505650399892486,
      "SSC Napoli": 0.21012021062222797,
      "Sport Lisboa e Benfica": -0.13299959300484845,
      "Sporting Clube de Portugal": -0.2649161929455545,
      "Stade Brestois 29": 0.20470136375510364,
      "Tottenham Hotspur FC": -0.1543232234612172,
      "VfB Stuttgart": 0.3422807712917616,
      "Villarreal CF": 0.4564677754080209,
      "\u0160K Slovan Bratislava": 0.7206107106648602
    },
    "home_adv": 0.29422627011961455,
    "rho": 0.03591682486523852,