{
  "elo": {
    "AZ Alkmaar": 1523.88,
    "IF Elfsborg": 1471.74,
    "FK Bod\u00f8/Glimt": 1502.94,
    "FC Porto": 1503.22,
    "Manchester United": 1667.43,
    "FC Twente": 1483.49,
    "PFC Ludogorets Razgrad": 1429.63,
    "Slavia Praha": 1451.44,
    "Galatasaray": 1493.9,
    "PAOK Saloniki": 1476.15,
    "Dinamo Kiev": 1400.2,
    "Lazio Roma": 1604.95,
    "FC Midtjylland": 1470.54,
    "1899 Hoffenheim": 1478.71,
    "RSC Anderlecht": 1483.05,
    "Ferencv\u00e1rosi TC": 1490.76,
    "OGC Nice": 1419.08,
    "Real Sociedad": 1544.96,
    "Fenerbah\u00e7e": 1522.61,
    "Union Saint-Gilloise": 1496.59,
    "Malm\u00f6 FF": 1431.89,
    "Rangers FC": 1521.45,
    "AS Roma": 1538.58,
    "Athletic Club": 1535.82,
    "Eintracht Frankfurt": 1560.98,
    "Viktoria Plze\u0148": 1512.14,
    "AFC Ajax": 1488.34,
    "Be\u015fikta\u015f": 1465.8,
    "Sporting Braga": 1484.46,
    "Maccabi Tel Aviv": 1438.92,
    "Olympique Lyonnais": 1600.9,
    "Olympiakos Piraeus": 1538.81,
    "FCSB": 1494.04,
    "FK RFS": 1432.25,
    "Tottenham Hotspur": 1652.28,
    "Qaraba\u011f FK": 1388.07
  },
  "dc": {
    "attack": {
      "1899 Hoffenheim": 0.058073561275193655,
      "AFC Ajax": 0.2214294122857529,
      "AS Roma": 0.16363235761420641,
      "AZ Alkmaar": 0.2823921483315924,
      "Athletic Club": 0.31238697148527605,
      "Be\u015fikta\u015f": -0.10847165782299006,
      "Dinamo Kiev": -0.577959105129366,
      "Eintracht Frankfurt": 0.31912466212504764,
      "FC Midtjylland": 0.0022699177795741897,
      "FC Porto": 0.22964427128577217,
      "FC Twente": -0.02206726725717694,
      "FCSB": -0.009085815666680755,
      "FK Bod\u00f8/Glimt": 0.3877991055811756,
      "FK RFS": -0.6183422193639725,
      "Fenerbah\u00e7e": 0.12894992583769369,
      "Ferencv\u00e1rosi TC": 0.13351077754339832,
      "Galatasaray": 0.42184437338315306,
      "IF Elfsborg": -0.24063287430329547,
      "Lazio Roma": 0.31198861839852704,
      "Maccabi Tel Aviv": -0.2860420640224127,
      "Malm\u00f6 FF": -0.08311100287915846,
      "Manchester United": 0.7109479916903327,
      "OGC Nice": -0.3153344895831898,
      "Olympiakos Piraeus": -0.2487134753895441,
      "Olympique Lyonnais": 0.727474105809948,
      "PAOK Saloniki": -0.018702274803599733,
      "PFC Ludogorets Razgrad": -0.6988338606479388,
      "Qaraba\u011f FK": -0.4474354334325049,
      "RSC Anderlecht": 0.2013255272508849,
      "Rangers FC": 0.2942389905278928,
      "Real Sociedad": 0.2741250641165638,
      "Slavia Praha": -0.39834450271096034,
      "Sporting Braga": -0.0914697132838737,
      "Tottenham Hotspur": 0.3012136933219218,
      "Union Saint-Gilloise": -0.24952107251333652,
      "Viktoria Plze\u0148": 0.1613228732797195
    },
    "defense": {
      "1899 Hoffenheim": 0.2074833305514996,
      "AFC Ajax": 0.11644257688318588,
      "AS Roma": -0.23103924831732162,
      "AZ Alkmaar": 0.03920470830700207,
      "Athletic Club": -0.15435843409984093,
      "Be\u015fikta\u015f": 0.12454097607834673,
      "Dinamo Kiev": 0.39650063117990353,
      "Eintracht Frankfurt": -0.2246737393112006,
      "FC Midtjylland": 0.23746671135240913,
      "FC Porto": 0.0053455023954887305,
      "FC Twente": 0.05961046594249021,
      "FCSB": -0.03032388388299754,
      "FK Bod\u00f8/Glimt": 0.16890452850681062,
      "FK RFS": 0.18844825481299105,
      "Fenerbah\u00e7e": -0.13390384359847196,
      "Ferencv\u00e1rosi TC": 0.28590550817107746,
      "Galatasaray": 0.5087920360589788,
      "IF Elfsborg": 0.1638754582007868,
      "Lazio Roma": -0.3889345529355397,
      "Maccabi Tel Aviv": 0.4148812889575176,
      "Malm\u00f6 FF": 0.5480481287574235,
      "Manchester United": -0.27751881294633507,
      "OGC Nice": 0.3337594433288219,
      "Olympiakos Piraeus": -0.6397966219937364,
      "Olympique Lyonnais": -0.04441700321765167,
      "PAOK Saloniki": -0.020921409891186533,
      "PFC Ludogorets Razgrad": -0.14882246066442295,
      "Qaraba\u011f FK": 0.5155345046223085,
      "RSC Anderlecht": 0.3359105221641294,
      "Rangers FC": -0.1669444043973595,
      "Real Sociedad": -0.020271041280053543,
      "Slavia Praha": 0.04717587717890644,
      "Sporting Braga": 0.16394268873150636,
      "Tottenham Hotspur": -0.5926578859488941,
      "Union Saint-Gilloise": -0.1982695727282203,
      "Viktoria Plze\u0148": -0.09853898537480808
    },
    "home_adv": 0.3819974266080195,
    "rho": -0.019736211969691962,
    "teams": [
      "1899 Hoffenheim",
      "AFC Ajax",
      "AS Roma",
      "AZ Alkmaar",
      "Athletic Club",
      "Be\u015fikta\u015f",
      "Dinamo Kiev",
      "Eintracht Frankfurt",
      "FC Midtjylland",
      "FC Porto",
      "FC Twente",
      "FCSB",
      "FK Bod\u00f8/Glimt",
      "FK RFS",
      "Fenerbah\u00e7e",
      "Ferencv\u00e1rosi TC",
      "Galatasaray",
      "IF Elfsborg",
      "Lazio Roma",
      "Maccabi Tel Aviv",
      "Malm\u00f6 FF",
      "Manchester United",
      "OGC Nice",
      "Olympiakos Piraeus",
      "Olympique Lyonnais",
      "PAOK Saloniki",
      "PFC Ludogorets Razgrad",
      "Qaraba\u011f FK",
      "RSC Anderlecht",
      "Rangers FC",
      "Real Sociedad",
      "Slavia Praha",
      "Sporting Braga",
      "Tottenham Hotspur",
      "Union Saint-Gilloise",
      "Viktoria Plze\u0148"
    ],
    "converged": true,
    "fun": 251.23071184887235
  }
}