{
  "elo": {
    "Manchester United FC": 1744.04,
    "Fulham FC": 1532.8,
    "Ipswich Town FC": 1235.16,
    "Liverpool FC": 1576.51,
    "Arsenal FC": 1810.2,
    "Wolverhampton Wanderers FC": 1310.99,
    "Everton FC": 1454.16,
    "Brighton & Hove Albion FC": 1530.57,
    "Newcastle United FC": 1516.33,
    "Southampton FC": 1194.01,
    "Nottingham Forest FC": 1594.11,
    "AFC Bournemouth": 1674.1,
    "West Ham United FC": 1496.5,
    "Aston Villa FC": 1590.75,
    "Brentford FC": 1556.4,
    "Crystal Palace FC": 1456.31,
    "Chelsea FC": 1465.54,
    "Manchester City FC": 1775.21,
    "Leicester City FC": 1262.46,
    "Tottenham Hotspur FC": 1408.07,
    "Sunderland AFC": 1520.44,
    "Burnley FC": 1260.87,
    "Leeds United FC": 1534.46
  },
  "dc": {
    "attack": {
      "AFC Bournemouth": 0.2548880551223115,
      "Arsenal FC": 0.4173748903397472,
      "Aston Villa FC": 0.23959919309555205,
      "Brentford FC": 0.28422678899578047,
      "Brighton & Hove Albion FC": 0.24246017146683976,
      "Burnley FC": -0.12704752985069317,
      "Chelsea FC": 0.2693201502752968,
      "Crystal Palace FC": 0.017619792332000863,
      "Everton FC": 0.009177518988903463,
      "Fulham FC": 0.08708766743818437,
      "Ipswich Town FC": -0.2354163934171328,
      "Leeds United FC": 0.1260461510310161,
      "Leicester City FC": -0.34579136240582425,
      "Liverpool FC": 0.4674645941764032,
      "Manchester City FC": 0.4963206955243062,
      "Manchester United FC": 0.2791448591636805,
      "Newcastle United FC": 0.27928668340372104,
      "Nottingham Forest FC": 0.15722874905731543,
      "Southampton FC": -0.5338711799103959,
      "Sunderland AFC": -0.03298572336164436,
      "Tottenham Hotspur FC": 0.16468520975966283,
      "West Ham United FC": 0.03809829708477604,
      "Wolverhampton Wanderers FC": -0.17205315856547565
    },
    "defense": {
      "AFC Bournemouth": 0.027308623330611032,
      "Arsenal FC": -0.48424355096807187,
      "Aston Villa FC": 0.01212908716867836,
      "Brentford FC": 0.09350806408645232,
      "Brighton & Hove Albion FC": 0.04337534599342178,
      "Burnley FC": 0.3941584085818502,
      "Chelsea FC": -0.0019158545255995789,
      "Crystal Palace FC": 0.05046949605290075,
      "Everton FC": -0.04092869677096779,
      "Fulham FC": 0.04476120727770798,
      "Ipswich Town FC": 0.5231154851445292,
      "Leeds United FC": 0.09699931058267947,
      "Leicester City FC": 0.47356498832617155,
      "Liverpool FC": 0.008801516023963065,
      "Manchester City FC": -0.23381618790523379,
      "Manchester United FC": 0.04177985560060557,
      "Newcastle United FC": 0.06702276214702059,
      "Nottingham Forest FC": -0.014055637868666428,
      "Southampton FC": 0.5510985322114684,
      "Sunderland AFC": -0.031711859760291464,
      "Tottenham Hotspur FC": 0.2121409436661228,
      "West Ham United FC": 0.23331376421451072,
      "Wolverhampton Wanderers FC": 0.29038999380734526
    },
    "home_adv": 0.15727117282367184,
    "rho": -0.10452692098487709,
    "teams": [
      "AFC Bournemouth",
      "Arsenal FC",
      "Aston Villa FC",
      "Brentford FC",
      "Brighton & Hove Albion FC",
      "Burnley FC",
      "Chelsea FC",
      "Crystal Palace FC",
      "Everton FC",
      "Fulham FC",
      "Ipswich Town FC",
      "Leeds United FC",
      "Leicester City FC",
      "Liverpool FC",
      "Manchester City FC",
      "Manchester United FC",
      "Newcastle United FC",
      "Nottingham Forest FC",
      "Southampton FC",
      "Sunderland AFC",
      "Tottenham Hotspur FC",
      "West Ham United FC",
      "Wolverhampton Wanderers FC"
    ],
    "converged": true,
    "fun": 1388.7627699612347
  }
}